_ID_,_VAL_
0,0.1245708
1,0.39782724
2,0.13422348
3,0.31005114
4,0.50315285
5,0.28642738
6,0.07914371
7,0.16369705
8,0.14575998
9,0.27951396
10,0.1146018
11,0.56478995
12,0.047867615
13,0.103964135
14,0.7125059
15,0.16356486
16,0.06426524
17,0.24721383
18,0.3275872
19,0.08457329
20,0.074623235
21,0.32234383
22,0.15818886
23,0.055127796
24,0.5565783
25,0.33150965
26,0.49240422
27,0.11476172
28,0.10272702
29,0.24171199
30,0.20835721
31,0.11648015
32,0.24000376
33,0.1900702
34,0.19978486
35,0.05401008
36,0.12017023
37,0.062071525
38,0.12928964
39,0.13963223
40,0.14676312
41,0.18783943
42,0.07471908
43,0.11171957
44,0.47880605
45,0.092730634
46,0.12519746
47,0.172951
48,0.13363925
49,0.05827291
50,0.03097294
51,0.069067046
52,0.046746522
53,0.26220366
54,0.20210817
55,0.08685649
56,0.26663256
57,0.112960264
58,0.054953754
59,0.043549944
60,0.08899892
61,0.06047306
62,0.2114388
63,0.254646
64,0.07390378
65,0.36074632
66,0.26034516
67,0.14442115
68,0.058191933
69,0.15033731
70,0.2629126
71,0.037347205
72,0.07808551
73,0.46729526
74,0.1512205
75,0.060876172
76,0.17026736
77,0.08218326
78,0.18752559
79,0.13787077
80,0.07152817
81,0.22846252
82,0.12558047
83,0.075456835
84,0.24365927
85,0.375601
86,0.030343613
87,0.22934094
88,0.17049912
89,0.11310484
90,0.0675516
91,0.20737454
92,0.453627
93,0.13744032
94,0.1597664
95,0.12860022
96,0.05367552
97,0.049552944
98,0.15627602
99,0.17911579
100,0.22356248
101,0.055636313
102,0.09470075
103,0.16154216
104,0.2831522
105,0.14794958
106,0.4605715
107,0.16621664
108,0.10230504
109,0.10064382
110,0.3086135
111,0.046155006
112,0.072820626
113,0.24496429
114,0.32100835
115,0.14561547
116,0.4167771
117,0.07342825
118,0.10243876
119,0.22540307
120,0.04647845
121,0.1469975
122,0.11588145
123,0.16118492
124,0.11794236
125,0.15170267
126,0.36618426
127,0.069603845
128,0.117897525
129,0.4606821
130,0.08842355
131,0.1783116
132,0.13600329
133,0.09070186
134,0.06438629
135,0.42544562
136,0.1697928
137,0.119066186
138,0.050281618
139,0.29942602
140,0.19512117
141,0.12522604
142,0.19881251
143,0.107383125
144,0.27068704
145,0.10521943
146,0.2855152
147,0.29757544
148,0.2252499
149,0.07336203
150,0.072662696
151,0.18517761
152,0.22855337
153,0.07820139
154,0.5001022
155,0.07635868
156,0.075307555
157,0.18733726
158,0.056318488
159,0.40154895
160,0.26968747
161,0.087203294
162,0.079863116
163,0.13605313
164,0.06425021
165,0.08363791
166,0.30497813
167,0.09198127
168,0.08112671
169,0.13708444
170,0.08935577
171,0.06726029
172,0.031869337
173,0.07931601
174,0.04929156
175,0.18025005
176,0.15815781
177,0.055278968
178,0.11439209
179,0.48548326
180,0.041199002
181,0.10457583
182,0.43702066
183,0.38944978
184,0.23398413
185,0.12698223
186,0.16192716
187,0.24443722
188,0.12661001
189,0.13606536
190,0.096908666
191,0.3044137
192,0.17693134
193,0.65797335
194,0.42951596
195,0.13814676
196,0.113964476
197,0.26739022
198,0.34008762
199,0.1568235
200,0.14448115
201,0.120551296
202,0.12968166
203,0.081218705
204,0.039785787
205,0.4412803
206,0.12030919
207,0.19559166
208,0.15647915
209,0.20439765
210,0.22097808
211,0.12737913
212,0.23418969
213,0.13350022
214,0.03129565
215,0.30493888
216,0.040924698
217,0.16292265
218,0.06889749
219,0.09050683
220,0.3145555
221,0.23242673
222,0.06824579
223,0.13239197
224,0.17483516
225,0.09437754
226,0.18980063
227,0.14242747
228,0.09613225
229,0.08843168
230,0.099208705
231,0.15080816
232,0.11066731
233,0.035962727
234,0.08159474
235,0.049547147
236,0.53042054
237,0.118278764
238,0.22363628
239,0.06434871
240,0.11751575
241,0.13419986
242,0.14795463
243,0.24746814
244,0.079444356
245,0.08526163
246,0.032081496
247,0.3497608
248,0.08086895
249,0.09518164
250,0.08277384
251,0.41049454
252,0.11445793
253,0.32664222
254,0.2859005
255,0.08109906
256,0.7448817
257,0.1610139
258,0.11989302
259,0.051891357
260,0.28433853
261,0.18764721
262,0.3528484
263,0.56239724
264,0.14236969
265,0.09992419
266,0.1767197
267,0.17383692
268,0.10631615
269,0.5096056
270,0.50591636
271,0.78335506
272,0.13244453
273,0.071351096
274,0.16325215
275,0.09324963
276,0.12437073
277,0.20126103
278,0.13037345
279,0.113736875
280,0.04983311
281,0.14850076
282,0.1625083
283,0.22732793
284,0.045236934
285,0.056177672
286,0.13052747
287,0.63201994
288,0.08254334
289,0.12639655
290,0.15433477
291,0.086594604
292,0.066247456
293,0.123369575
294,0.058158163
295,0.18553755
296,0.43463016
297,0.14556634
298,0.45383245
299,0.1009557
300,0.08020018
301,0.0818735
302,0.20330432
303,0.04452292
304,0.1950824
305,0.76214385
306,0.071668126
307,0.24202439
308,0.25849313
309,0.09689821
310,0.08839117
311,0.33535555
312,0.23367135
313,0.22662178
314,0.06993241
315,0.18351284
316,0.23392095
317,0.2062444
318,0.15179391
319,0.170972
320,0.13508822
321,0.17723891
322,0.2902682
323,0.13248795
324,0.628884
325,0.16727972
326,0.16467677
327,0.06263058
328,0.14828493
329,0.12980701
330,0.13016553
331,0.14221822
332,0.5989514
333,0.3144172
334,0.11526352
335,0.14202252
336,0.32779038
337,0.11310343
338,0.05487449
339,0.28314713
340,0.29792196
341,0.43782866
342,0.025737885
343,0.06396735
344,0.11001642
345,0.12269566
346,0.37222221
347,0.46263966
348,0.6975027
349,0.1321659
350,0.07372689
351,0.08705174
352,0.05763574
353,0.15511544
354,0.15771236
355,0.12575445
356,0.5773233
357,0.115935616
358,0.33172536
359,0.13225156
360,0.1032254
361,0.13244858
362,0.010823333
363,0.18065134
364,0.21418896
365,0.060111508
366,0.17650999
367,0.15404907
368,0.2676837
369,0.05335196
370,0.062493607
371,0.1529193
372,0.18273167
373,0.42625153
374,0.18920022
375,0.10219001
376,0.16006933
377,0.21674736
378,0.08350168
379,0.27992272
380,0.2984346
381,0.19182116
382,0.247836
383,0.19429295
384,0.09396881
385,0.32604378
386,0.21716905
387,0.10630702
388,0.19419095
389,0.06814864
390,0.08045058
391,0.23783737
392,0.19117667
393,0.049697742
394,0.29370558
395,0.07378571
396,0.08852174
397,0.12862083
398,0.19692494
399,0.28181577
400,0.2119599
401,0.11099063
402,0.08868526
403,0.4695894
404,0.081843235
405,0.08261171
406,0.05146302
407,0.03464829
408,0.23183471
409,0.12942098
410,0.038078446
411,0.26936346
412,0.042892486
413,0.2561543
414,0.24036567
415,0.10051983
416,0.048543617
417,0.096560836
418,0.48303768
419,0.12621844
420,0.059840526
421,0.08039853
422,0.11408555
423,0.10925497
424,0.15630594
425,0.37883088
426,0.101347744
427,0.0353621
428,0.10439986
429,0.13680615
430,0.22273391
431,0.15614629
432,0.082578145
433,0.11996545
434,0.07904832
435,0.120980695
436,0.13098559
437,0.11997363
438,0.13778237
439,0.14278106
440,0.20501314
441,0.3013926
442,0.082937695
443,0.030730218
444,0.0771028
445,0.09105498
446,0.055699088
447,0.5617702
448,0.18569571
449,0.2745175
450,0.11820127
451,0.056505412
452,0.064928286
453,0.13588822
454,0.46712846
455,0.10302309
456,0.09812715
457,0.13930172
458,0.36905345
459,0.39467347
460,0.58800715
461,0.09256382
462,0.15060197
463,0.27722734
464,0.42782623
465,0.31833357
466,0.07742534
467,0.1355977
468,0.17622793
469,0.08688525
470,0.10785276
471,0.3359521
472,0.51593935
473,0.12300987
474,0.077389106
475,0.09939214
476,0.044586454
477,0.058887206
478,0.31547815
479,0.051616598
480,0.08090291
481,0.12006454
482,0.7432845
483,0.17407411
484,0.13305852
485,0.1493838
486,0.17102386
487,0.11681123
488,0.13085243
489,0.08673086
490,0.06459133
491,0.13891977
492,0.09179639
493,0.10980541
494,0.16520321
495,0.08592298
496,0.06940872
497,0.7144292
498,0.09063819
499,0.50163245
500,0.13157861
501,0.28895262
502,0.11424841
503,0.12291721
504,0.09529272
505,0.11020266
506,0.10095533
507,0.17686716
508,0.068941355
509,0.07587414
510,0.26569414
511,0.13435799
512,0.112590685
513,0.089664675
514,0.1395286
515,0.2885756
516,0.116142236
517,0.15637313
518,0.2521302
519,0.11868226
520,0.08376011
521,0.10610729
522,0.13262516
523,0.1105002
524,0.21050595
525,0.43027842
526,0.118915625
527,0.6367366
528,0.1503751
529,0.1948258
530,0.057305485
531,0.074950755
532,0.12639035
533,0.28786394
534,0.09753261
535,0.11921985
536,0.124524795
537,0.37095234
538,0.11227349
539,0.07531478
540,0.086421296
541,0.15396762
542,0.1710697
543,0.15658098
544,0.1963552
545,0.09502552
546,0.13172717
547,0.1148315
548,0.71586806
549,0.14736743
550,0.44889772
551,0.11092226
552,0.124410726
553,0.118615516
554,0.2289682
555,0.08287135
556,0.24887486
557,0.22581689
558,0.49241334
559,0.5163641
560,0.1433138
561,0.101729624
562,0.5424612
563,0.5488808
564,0.12015243
565,0.11581008
566,0.1927002
567,0.14564626
568,0.08817987
569,0.38479698
570,0.3261598
571,0.2560747
572,0.3997669
573,0.11158941
574,0.20594849
575,0.07065597
576,0.26010224
577,0.06468526
578,0.35649934
579,0.36962107
580,0.15575376
581,0.26325667
582,0.319932
583,0.09975592
584,0.11047474
585,0.09802634
586,0.46241328
587,0.047594376
588,0.1228851
589,0.32511118
590,0.06031275
591,0.12289371
592,0.35395262
593,0.23533206
594,0.4377793
595,0.08107396
596,0.14737192
597,0.13445616
598,0.07212763
599,0.16171625
600,0.28182295
601,0.50682586
602,0.106022276
603,0.12324334
604,0.03215292
605,0.27083358
606,0.2906112
607,0.17672251
608,0.027421096
609,0.14503768
610,0.155887
611,0.046184193
612,0.100118615
613,0.08394311
614,0.12409317
615,0.50117254
616,0.057123456
617,0.09323267
618,0.09163365
619,0.20998724
620,0.11008805
621,0.16152284
622,0.0872988
623,0.088057145
624,0.48682216
625,0.09406312
626,0.04089049
627,0.049938045
628,0.122580685
629,0.32718366
630,0.13010764
631,0.06256662
632,0.2453736
633,0.14668357
634,0.13786562
635,0.17224
636,0.11887149
637,0.023197982
638,0.13643014
639,0.0659626
640,0.1637812
641,0.14820325
642,0.1489587
643,0.07086353
644,0.09655717
645,0.10996634
646,0.09883691
647,0.13037716
648,0.12636219
649,0.17231803
650,0.12421706
651,0.098993145
652,0.1477519
653,0.049783666
654,0.054438457
655,0.1978144
656,0.032213286
657,0.20297894
658,0.032205764
659,0.15555833
660,0.022946475
661,0.15138991
662,0.16061118
663,0.06431229
664,0.16688076
665,0.20378827
666,0.13811249
667,0.14009972
668,0.3919852
669,0.06714673
670,0.10613903
671,0.2327247
672,0.09870164
673,0.07709576
674,0.1795655
675,0.46952128
676,0.35056576
677,0.21968807
678,0.059052296
679,0.050058357
680,0.12875071
681,0.19249417
682,0.16279511
683,0.48499128
684,0.084096126
685,0.15249738
686,0.1343459
687,0.10360532
688,0.2411899
689,0.39673322
690,0.087073
691,0.31597117
692,0.04250412
693,0.16411568
694,0.068208575
695,0.13336433
696,0.06100313
697,0.26063183
698,0.12059215
699,0.05757356
700,0.066925354
701,0.105340324
702,0.09163452
703,0.14128311
704,0.11185904
705,0.10762865
706,0.22024937
707,0.029756062
708,0.13678971
709,0.03333134
710,0.115329064
711,0.6005984
712,0.29265365
713,0.07439052
714,0.040590975
715,0.06680292
716,0.08613697
717,0.13493268
718,0.077399164
719,0.1109863
720,0.58524793
721,0.329866
722,0.104230195
723,0.027147211
724,0.1490604
725,0.10858212
726,0.19758065
727,0.1358437
728,0.13926247
729,0.21685271
730,0.15230897
731,0.13523528
732,0.058452584
733,0.17184776
734,0.4067476
735,0.060524803
736,0.21139555
737,0.14619465
738,0.18032609
739,0.1693518
740,0.17814551
741,0.20774995
742,0.11425927
743,0.26094604
744,0.123639755
745,0.3099909
746,0.15654439
747,0.055773474
748,0.06437007
749,0.41512808
750,0.20829122
751,0.29131222
752,0.119915225
753,0.20106363
754,0.43856317
755,0.019437676
756,0.15332039
757,0.087454066
758,0.1252466
759,0.11924436
760,0.13704203
761,0.16553888
762,0.6242252
763,0.124903366
764,0.19059943
765,0.6965952
766,0.18364137
767,0.12925908
768,0.5396142
769,0.21220148
770,0.42484504
771,0.20581833
772,0.10569521
773,0.27192134
774,0.25397885
775,0.26940227
776,0.05442887
777,0.0790346
778,0.05201613
779,0.36712584
780,0.08260351
781,0.09657177
782,0.24762118
783,0.3660326
784,0.1974467
785,0.19577385
786,0.12633823
787,0.46832564
788,0.120136626
789,0.23291007
790,0.20630369
791,0.11804169
792,0.054990873
793,0.083301954
794,0.16704425
795,0.45494258
796,0.059798006
797,0.0934394
798,0.07535697
799,0.20099238
800,0.16968688
801,0.24110301
802,0.115452506
803,0.08227813
804,0.1275699
805,0.08138456
806,0.081964016
807,0.04269704
808,0.036407582
809,0.21547963
810,0.053388577
811,0.13373557
812,0.132557
813,0.08535881
814,0.5739802
815,0.13531134
816,0.19383413
817,0.11589342
818,0.1425486
819,0.59295994
820,0.12638938
821,0.15671039
822,0.18152969
823,0.66293967
824,0.06861658
825,0.10354578
826,0.075427964
827,0.4107143
828,0.121160105
829,0.25433913
830,0.17258516
831,0.27186418
832,0.18513122
833,0.13603047
834,0.2306967
835,0.30983096
836,0.13203095
837,0.416769
838,0.6474774
839,0.53799015
840,0.21091115
841,0.17087227
842,0.19755542
843,0.08026182
844,0.09317591
845,0.565399
846,0.11963264
847,0.06759162
848,0.09568449
849,0.23726445
850,0.5738971
851,0.04751532
852,0.18704744
853,0.10783416
854,0.18789163
855,0.08610715
856,0.24343176
857,0.12126765
858,0.071966626
859,0.06412839
860,0.086511746
861,0.2931211
862,0.07071516
863,0.13524903
864,0.3606258
865,0.12942508
866,0.56877995
867,0.08613232
868,0.07812616
869,0.077185616
870,0.16633467
871,0.061341356
872,0.058219653
873,0.24661674
874,0.12936267
875,0.09969199
876,0.046692025
877,0.19908893
878,0.18104483
879,0.045866735
880,0.13040173
881,0.18368067
882,0.36266178
883,0.08949117
884,0.14213017
885,0.19830926
886,0.3745238
887,0.17905852
888,0.31077322
889,0.08533276
890,0.20503457
891,0.114261806
892,0.22510193
893,0.2505586
894,0.6037729
895,0.046488363
896,0.0574477
897,0.28391305
898,0.09721156
899,0.17549422
900,0.2039166
901,0.110532224
902,0.379678
903,0.09317275
904,0.13265389
905,0.17225702
906,0.07763025
907,0.06518122
908,0.0755718
909,0.050393414
910,0.14598003
911,0.08488243
912,0.17222066
913,0.15268585
914,0.63482517
915,0.039573528
916,0.124512285
917,0.34917784
918,0.5227626
919,0.2200026
920,0.36469507
921,0.11912789
922,0.1730781
923,0.05505318
924,0.35866177
925,0.08816603
926,0.112926625
927,0.14526387
928,0.484338
929,0.2862429
930,0.15668315
931,0.09851412
932,0.08249932
933,0.106885605
934,0.26911214
935,0.21486647
936,0.1664991
937,0.18789117
938,0.09121196
939,0.10279675
940,0.40939745
941,0.58890057
942,0.0966395
943,0.106801376
944,0.0789124
945,0.19566865
946,0.08357922
947,0.0794013
948,0.51650316
949,0.34676662
950,0.14628941
951,0.6451655
952,0.08121587
953,0.15675317
954,0.30664226
955,0.41314387
956,0.12171738
957,0.08954984
958,0.09245188
959,0.20163703
960,0.106050275
961,0.5959914
962,0.2804224
963,0.18855609
964,0.045396812
965,0.1818132
966,0.15290412
967,0.18503174
968,0.3377561
969,0.061996497
970,0.10730248
971,0.18915609
972,0.13217382
973,0.049134444
974,0.10653797
975,0.10500518
976,0.20710127
977,0.099742286
978,0.06075193
979,0.14039628
980,0.1575945
981,0.13880114
982,0.28880417
983,0.2701262
984,0.02501662
985,0.21932247
986,0.062271673
987,0.18105844
988,0.08802251
989,0.16106293
990,0.111018226
991,0.31376138
992,0.14480762
993,0.095905244
994,0.12071824
995,0.048154112
996,0.35335812
997,0.083854474
998,0.070733584
999,0.19814916
1000,0.15328135
1001,0.088397995
1002,0.13344216
1003,0.32079598
1004,0.130913
1005,0.56148976
1006,0.15571201
1007,0.13726023
1008,0.1555535
1009,0.1392381
1010,0.098558314
1011,0.31244996
1012,0.39327657
1013,0.14581172
1014,0.08215695
1015,0.14538637
1016,0.5342362
1017,0.27201304
1018,0.1537847
1019,0.10507294
1020,0.17417908
1021,0.102883965
1022,0.15311815
1023,0.04417755
1024,0.017590294
1025,0.07683637
1026,0.10333594
1027,0.2807006
1028,0.10530354
1029,0.19236736
1030,0.12138151
1031,0.14883246
1032,0.34879622
1033,0.107124306
1034,0.08328957
1035,0.12943012
1036,0.4627507
1037,0.4571002
1038,0.07644067
1039,0.1376763
1040,0.10743951
1041,0.12807034
1042,0.50956535
1043,0.16773163
1044,0.4495706
1045,0.112611756
1046,0.11130669
1047,0.11935831
1048,0.14218427
1049,0.042595085
1050,0.66421217
1051,0.17543061
1052,0.037935603
1053,0.09812476
1054,0.10686281
1055,0.25354522
1056,0.59594053
1057,0.14461115
1058,0.20685567
1059,0.13762398
1060,0.22795919
1061,0.14174223
1062,0.05842762
1063,0.29210526
1064,0.09468216
1065,0.21106014
1066,0.12768449
1067,0.095987
1068,0.12330244
1069,0.11180711
1070,0.28731456
1071,0.019887976
1072,0.09708224
1073,0.2837265
1074,0.3406593
1075,0.17410934
1076,0.11776552
1077,0.1438931
1078,0.058952324
1079,0.37274352
1080,0.27941608
1081,0.13901007
1082,0.27805874
1083,0.09296301
1084,0.33540994
1085,0.21807171
1086,0.34496614
1087,0.094458304
1088,0.075277045
1089,0.07075459
1090,0.21091786
1091,0.083033934
1092,0.25156975
1093,0.0886778
1094,0.54651576
1095,0.099450305
1096,0.19285671
1097,0.07912071
1098,0.5158961
1099,0.04302059
1100,0.31642145
1101,0.08928281
1102,0.07906955
1103,0.057311285
1104,0.41249046
1105,0.088895015
1106,0.23968585
1107,0.074059695
1108,0.41875127
1109,0.06950029
1110,0.070815384
1111,0.21088146
1112,0.051987298
1113,0.3696016
1114,0.18255629
1115,0.078030035
1116,0.18808678
1117,0.034330674
1118,0.5708466
1119,0.3696788
1120,0.1907554
1121,0.2625609
1122,0.15558633
1123,0.14006753
1124,0.07783352
1125,0.10948854
1126,0.5024026
1127,0.22783342
1128,0.12623486
1129,0.22374362
1130,0.17524439
1131,0.024702841
1132,0.22545427
1133,0.1170845
1134,0.040027656
1135,0.21566372
1136,0.08942823
1137,0.34521964
1138,0.15235929
1139,0.034907423
1140,0.13378121
1141,0.43500885
1142,0.13179164
1143,0.44932988
1144,0.057114135
1145,0.16712011
1146,0.37083152
1147,0.07626024
1148,0.46287522
1149,0.17998247
1150,0.07507845
1151,0.06008575
1152,0.16828135
1153,0.17967321
1154,0.07961108
1155,0.11033424
1156,0.087024815
1157,0.37523788
1158,0.09141067
1159,0.12510401
1160,0.24430506
1161,0.38765427
1162,0.3351751
1163,0.48860016
1164,0.16631848
1165,0.1061001
1166,0.27111405
1167,0.076779775
1168,0.10858675
1169,0.34768912
1170,0.32091638
1171,0.100729555
1172,0.033778913
1173,0.1013261
1174,0.060197752
1175,0.18641235
1176,0.094919875
1177,0.05248351
1178,0.05975417
1179,0.16807427
1180,0.12471144
1181,0.5134769
1182,0.07324361
1183,0.072366156
1184,0.23002462
1185,0.107632585
1186,0.2013522
1187,0.37195045
1188,0.049528155
1189,0.24557468
1190,0.09289169
1191,0.08011805
1192,0.1361847
1193,0.288204
1194,0.08854227
1195,0.2552238
1196,0.10494734
1197,0.12944281
1198,0.09149187
1199,0.13611488
1200,0.58092433
1201,0.05370388
1202,0.09941319
1203,0.16586064
1204,0.15948762
1205,0.10039235
1206,0.37132606
1207,0.2276457
1208,0.15940124
1209,0.06642233
1210,0.18133628
1211,0.12834287
1212,0.3660603
1213,0.09527381
1214,0.14156617
1215,0.1342917
1216,0.15529256
1217,0.09468426
1218,0.24178721
1219,0.07894206
1220,0.1263589
1221,0.13512665
1222,0.13920267
1223,0.35829172
1224,0.19387083
1225,0.0785415
1226,0.1583111
1227,0.040663756
1228,0.11892451
1229,0.23273523
1230,0.28767893
1231,0.062026538
1232,0.20173062
1233,0.1939123
1234,0.06861217
1235,0.12227269
1236,0.05604244
1237,0.119175136
1238,0.12342461
1239,0.18000253
1240,0.47271597
1241,0.087062955
1242,0.102009624
1243,0.1329751
1244,0.1375791
1245,0.481543
1246,0.09076283
1247,0.19198819
1248,0.15285876
1249,0.30637777
1250,0.11788861
1251,0.29293123
1252,0.24499547
1253,0.11098164
1254,0.25339136
1255,0.114587925
1256,0.087261625
1257,0.1648671
1258,0.19288106
1259,0.256369
1260,0.0852654
1261,0.6946111
1262,0.35041815
1263,0.2034397
1264,0.0915043
1265,0.2698015
1266,0.08097494
1267,0.2049394
1268,0.61276007
1269,0.098963
1270,0.16606975
1271,0.11435943
1272,0.20213307
1273,0.31897256
1274,0.20293732
1275,0.12718444
1276,0.48302838
1277,0.21212786
1278,0.19298245
1279,0.12476738
1280,0.17686218
1281,0.28144383
1282,0.06568904
1283,0.07627002
1284,0.14200546
1285,0.099787064
1286,0.16186221
1287,0.26571688
1288,0.20349209
1289,0.21747722
1290,0.09394017
1291,0.23608561
1292,0.35620362
1293,0.0788446
1294,0.4396085
1295,0.077691615
1296,0.19958766
1297,0.080486186
1298,0.1076548
1299,0.09026662
1300,0.08856681
1301,0.12293939
1302,0.45594057
1303,0.057875097
1304,0.1259576
1305,0.19236381
1306,0.07504135
1307,0.15047403
1308,0.21166888
1309,0.09256572
1310,0.23393825
1311,0.036806867
1312,0.44627202
1313,0.10362452
1314,0.05456254
1315,0.02235405
1316,0.24122642
1317,0.21328478
1318,0.33258945
1319,0.36033317
1320,0.24087384
1321,0.13846995
1322,0.09979779
1323,0.12942606
1324,0.106713094
1325,0.23844211
1326,0.20189562
1327,0.11431022
1328,0.124108195
1329,0.4252614
1330,0.08592766
1331,0.03408204
1332,0.13274111
1333,0.16968691
1334,0.19340353
1335,0.22327338
1336,0.082348324
1337,0.24757092
1338,0.1731312
1339,0.14460295
1340,0.15572822
1341,0.114391044
1342,0.41690138
1343,0.32449555
1344,0.11581433
1345,0.088790506
1346,0.2536125
1347,0.12286104
1348,0.0785527
1349,0.115208395
1350,0.16869569
1351,0.19521995
1352,0.21853012
1353,0.15218113
1354,0.3258498
1355,0.33903405
1356,0.11981318
1357,0.28962785
1358,0.12417894
1359,0.6103962
1360,0.1873819
1361,0.034898
1362,0.14075962
1363,0.08737614
1364,0.13844278
1365,0.46592388
1366,0.1472034
1367,0.22045177
1368,0.106480524
1369,0.5946662
1370,0.2617354
1371,0.09696078
1372,0.038323194
1373,0.43408003
1374,0.23515847
1375,0.24108662
1376,0.14679548
1377,0.38680708
1378,0.12727
1379,0.016452767
1380,0.12511808
1381,0.09453827
1382,0.084641926
1383,0.41057768
1384,0.16529097
1385,0.10238899
1386,0.29171905
1387,0.115362026
1388,0.063953444
1389,0.78608227
1390,0.12104799
1391,0.14238131
1392,0.06208127
1393,0.11815125
1394,0.14754912
1395,0.19017717
1396,0.08237447
1397,0.075411156
1398,0.15469
1399,0.17225377
1400,0.12979129
1401,0.14319424
1402,0.16252449
1403,0.37492862
1404,0.104726754
1405,0.20879148
1406,0.6659307
1407,0.21459219
1408,0.15580659
1409,0.05076489
1410,0.20024402
1411,0.48758096
1412,0.31861442
1413,0.16610076
1414,0.19518155
1415,0.2358591
1416,0.03569355
1417,0.13687299
1418,0.0910418
1419,0.328803
1420,0.2319913
1421,0.4227125
1422,0.08677691
1423,0.08036196
1424,0.20993476
1425,0.16693994
1426,0.055758633
1427,0.27806234
1428,0.12147485
1429,0.46610096
1430,0.04578015
1431,0.14020069
1432,0.5849576
1433,0.08758748
1434,0.09301733
1435,0.13535433
1436,0.38657632
1437,0.18466316
1438,0.10445604
1439,0.10900573
1440,0.22116664
1441,0.18471764
1442,0.13483353
1443,0.16097708
1444,0.061522804
1445,0.18738036
1446,0.114441305
1447,0.11553034
1448,0.12010088
1449,0.23231576
1450,0.20810299
1451,0.3082192
1452,0.077989295
1453,0.03961669
1454,0.08649219
1455,0.19590007
1456,0.18129662
1457,0.09118005
1458,0.033399314
1459,0.23314828
1460,0.09516164
1461,0.21127023
1462,0.12010454
1463,0.1841021
1464,0.5045964
1465,0.2947484
1466,0.08661656
1467,0.28639403
1468,0.3439856
1469,0.0792277
1470,0.117398955
1471,0.07962263
1472,0.387999
1473,0.08636664
1474,0.14508213
1475,0.15736206
1476,0.09415732
1477,0.23449552
1478,0.13539726
1479,0.11188945
1480,0.058084648
1481,0.104112945
1482,0.040750727
1483,0.10895038
1484,0.09403298
1485,0.7172037
1486,0.08531854
1487,0.2638163
1488,0.09828954
1489,0.54455817
1490,0.11052092
1491,0.056102872
1492,0.34705016
1493,0.33749148
1494,0.20194143
1495,0.06579014
1496,0.1948279
1497,0.12158068
1498,0.17875928
1499,0.20477429
1500,0.10138311
1501,0.03997463
1502,0.1933305
1503,0.393649
1504,0.08624195
1505,0.3721781
1506,0.06264965
1507,0.10343098
1508,0.07992032
1509,0.18823297
1510,0.13330443
1511,0.3905938
1512,0.15144108
1513,0.24397554
1514,0.5620471
1515,0.10282013
1516,0.0741077
1517,0.14719725
1518,0.16233549
1519,0.06602091
1520,0.4628322
1521,0.5862902
1522,0.078894556
1523,0.18053436
1524,0.23902734
1525,0.1234242
1526,0.08416757
1527,0.12685984
1528,0.118761376
1529,0.08585518
1530,0.06935391
1531,0.13259943
1532,0.18273513
1533,0.61018884
1534,0.06686794
1535,0.0959966
1536,0.064527735
1537,0.22649485
1538,0.07746402
1539,0.13393953
1540,0.16320035
1541,0.16020323
1542,0.08162409
1543,0.14176925
1544,0.33424634
1545,0.142618
1546,0.29520383
1547,0.20700866
1548,0.144434
1549,0.04748163
1550,0.10758652
1551,0.0552083
1552,0.07343689
1553,0.24622528
1554,0.23415963
1555,0.25179338
1556,0.2533248
1557,0.657713
1558,0.093687676
1559,0.5088517
1560,0.16248107
1561,0.2996845
1562,0.11868271
1563,0.040059723
1564,0.1543539
1565,0.1526195
1566,0.31413037
1567,0.09174021
1568,0.07586522
1569,0.23091419
1570,0.3961649
1571,0.14573875
1572,0.45714945
1573,0.13870202
1574,0.09577277
1575,0.21868245
1576,0.092697985
1577,0.032784183
1578,0.060893692
1579,0.104204066
1580,0.121737584
1581,0.09924939
1582,0.1151997
1583,0.07651043
1584,0.0728615
1585,0.13390075
1586,0.09533448
1587,0.26802558
1588,0.100829184
1589,0.08730155
1590,0.2807941
1591,0.25116178
1592,0.1426618
1593,0.31615555
1594,0.26245156
1595,0.055505194
1596,0.14193529
1597,0.2230752
1598,0.1122508
1599,0.03155716
1600,0.3822108
1601,0.05000074
1602,0.22025074
1603,0.19718954
1604,0.09594319
1605,0.14893422
1606,0.10385984
1607,0.10943264
1608,0.42961168
1609,0.13210866
1610,0.07128563
1611,0.28104782
1612,0.105271876
1613,0.07215298
1614,0.42984697
1615,0.054932266
1616,0.12532236
1617,0.15193951
1618,0.09173133
1619,0.10933366
1620,0.20045565
1621,0.1753642
1622,0.04991942
1623,0.656158
1624,0.057304595
1625,0.11586287
1626,0.11743027
1627,0.3255169
1628,0.058372635
1629,0.5516703
1630,0.1717021
1631,0.07414281
1632,0.10520915
1633,0.09668242
1634,0.08457985
1635,0.05487113
1636,0.057831213
1637,0.26752448
1638,0.14103316
1639,0.15408038
1640,0.24218303
1641,0.07812457
1642,0.3714557
1643,0.1525284
1644,0.18359059
1645,0.10134918
1646,0.050534964
1647,0.17879535
1648,0.25006914
1649,0.19537899
1650,0.14408386
1651,0.21955946
1652,0.08046798
1653,0.08125938
1654,0.5303957
1655,0.09977531
1656,0.0443947
1657,0.1437207
1658,0.07737848
1659,0.12398521
1660,0.32736588
1661,0.2613528
1662,0.36164626
1663,0.33763647
1664,0.27717844
1665,0.1729281
1666,0.07375288
1667,0.5571478
1668,0.083967045
1669,0.13801992
1670,0.061547752
1671,0.11268124
1672,0.21813801
1673,0.15580977
1674,0.12383718
1675,0.13562475
1676,0.04370737
1677,0.0904708
1678,0.14102344
1679,0.086491644
1680,0.06505015
1681,0.38781157
1682,0.10598485
1683,0.06139944
1684,0.14066237
1685,0.061481424
1686,0.10388989
1687,0.4365885
1688,0.34355593
1689,0.10421851
1690,0.2792876
1691,0.21172626
1692,0.1388275
1693,0.20968987
1694,0.11542913
1695,0.19097863
1696,0.12428793
1697,0.27181834
1698,0.13486718
1699,0.089312844
1700,0.07945914
1701,0.3061549
1702,0.1379613
1703,0.08154864
1704,0.32013637
1705,0.22037342
1706,0.42981863
1707,0.18021737
1708,0.081519365
1709,0.06911563
1710,0.26465324
1711,0.1133731
1712,0.092929505
1713,0.18809527
1714,0.10847246
1715,0.15061979
1716,0.10948388
1717,0.3424789
1718,0.24329677
1719,0.3233883
1720,0.19335428
1721,0.33897528
1722,0.058184486
1723,0.13956434
1724,0.24076162
1725,0.11054256
1726,0.102412924
1727,0.50477827
1728,0.06418548
1729,0.084647745
1730,0.3233708
1731,0.1788755
1732,0.03689998
1733,0.17697896
1734,0.093307905
1735,0.14501768
1736,0.15204173
1737,0.10992457
1738,0.26575512
1739,0.06564852
1740,0.058339182
1741,0.11339046
1742,0.11897077
1743,0.12695943
1744,0.07866702
1745,0.07144907
1746,0.042936474
1747,0.306817
1748,0.098414965
1749,0.3815662
1750,0.1791794
1751,0.17467448
1752,0.12202975
1753,0.7205189
1754,0.12570395
1755,0.41197142
1756,0.45441318
1757,0.1597279
1758,0.13854352
1759,0.13471305
1760,0.14790204
1761,0.08812896
1762,0.13105617
1763,0.09941425
1764,0.12817091
1765,0.23897308
1766,0.11585041
1767,0.3041973
1768,0.18061599
1769,0.10925437
1770,0.22636443
1771,0.17147711
1772,0.1516303
1773,0.093443535
1774,0.13184872
1775,0.03393003
1776,0.09150452
1777,0.043015692
1778,0.48977262
1779,0.27508157
1780,0.1675003
1781,0.11152859
1782,0.105675176
1783,0.088278376
1784,0.16625538
1785,0.5316594
1786,0.19861661
1787,0.08054565
1788,0.104467705
1789,0.29772055
1790,0.16838
1791,0.18905674
1792,0.16229731
1793,0.15229394
1794,0.07052535
1795,0.19021466
1796,0.37058166
1797,0.15659514
1798,0.049047355
1799,0.07133383
1800,0.08938718
1801,0.11877911
1802,0.473256
1803,0.4247116
1804,0.29256424
1805,0.10944189
1806,0.072088026
1807,0.22042151
1808,0.046920404
1809,0.13944562
1810,0.2189104
1811,0.18369003
1812,0.1986516
1813,0.6511603
1814,0.13025615
1815,0.4161433
1816,0.10908458
1817,0.48007864
1818,0.14957653
1819,0.03871988
1820,0.0483863
1821,0.11059075
1822,0.14119896
1823,0.44939306
1824,0.16297007
1825,0.26623893
1826,0.22650352
1827,0.092551425
1828,0.29400516
1829,0.11381259
1830,0.22403044
1831,0.1675649
1832,0.10351489
1833,0.28529346
1834,0.11143775
1835,0.16647664
1836,0.112343185
1837,0.186473
1838,0.106656834
1839,0.117630586
1840,0.11165826
1841,0.3445576
1842,0.09106299
1843,0.035837166
1844,0.33723494
1845,0.06769062
1846,0.56243885
1847,0.44468385
1848,0.40733775
1849,0.16286771
1850,0.25550434
1851,0.07349594
1852,0.27955717
1853,0.40174803
1854,0.12386922
1855,0.1958692
1856,0.08157658
1857,0.06803744
1858,0.27571586
1859,0.091415465
1860,0.28960744
1861,0.3221275
1862,0.3328723
1863,0.14972447
1864,0.3148526
1865,0.28024086
1866,0.15387379
1867,0.10004829
1868,0.1435518
1869,0.05329436
1870,0.12271711
1871,0.61609286
1872,0.19297117
1873,0.112492174
1874,0.20451547
1875,0.12084633
1876,0.09818054
1877,0.15259576
1878,0.14018516
1879,0.05008553
1880,0.04474259
1881,0.06878306
1882,0.40674847
1883,0.141384
1884,0.080213
1885,0.115657575
1886,0.4834952
1887,0.10488966
1888,0.3009932
1889,0.43867603
1890,0.24302165
1891,0.09848147
1892,0.047338005
1893,0.6180414
1894,0.08242085
1895,0.23252125
1896,0.19022015
1897,0.3066953
1898,0.058923885
1899,0.07487276
1900,0.293188
1901,0.12194534
1902,0.7703285
1903,0.27722713
1904,0.21445476
1905,0.4998352
1906,0.13444063
1907,0.27792645
1908,0.121525854
1909,0.20688803
1910,0.051974457
1911,0.07298708
1912,0.18267445
1913,0.2576041
1914,0.28664464
1915,0.08507788
1916,0.28885436
1917,0.1312648
1918,0.079546764
1919,0.18945779
1920,0.25745657
1921,0.29422906
1922,0.5609369
1923,0.103854224
1924,0.010896647
1925,0.1557716
1926,0.38271263
1927,0.05718109
1928,0.50219107
1929,0.24086718
1930,0.051924717
1931,0.4690334
1932,0.08792065
1933,0.07365178
1934,0.05805508
1935,0.06760794
1936,0.17338605
1937,0.14452828
1938,0.27752957
1939,0.075641915
1940,0.21046859
1941,0.15006271
1942,0.20068797
1943,0.08748372
1944,0.13625117
1945,0.397868
1946,0.09901363
1947,0.038029213
1948,0.03191466
1949,0.27333212
1950,0.13300493
1951,0.49036297
1952,0.13917206
1953,0.4020465
1954,0.08389143
1955,0.09535695
1956,0.33406532
1957,0.116718955
1958,0.19107512
1959,0.32802182
1960,0.53197294
1961,0.09374063
1962,0.11942246
1963,0.06921278
1964,0.044357635
1965,0.07304675
1966,0.551394
1967,0.16448109
1968,0.09675735
1969,0.040313944
1970,0.115271986
1971,0.40336943
1972,0.14067073
1973,0.22703178
1974,0.11290101
1975,0.025683902
1976,0.2312685
1977,0.12734875
1978,0.105038926
1979,0.06349281
1980,0.30856803
1981,0.1109915
1982,0.13268635
1983,0.11048143
1984,0.06256117
1985,0.20344199
1986,0.0650384
1987,0.07057931
1988,0.1118958
1989,0.26578858
1990,0.30067188
1991,0.296089
1992,0.16700032
1993,0.12869927
1994,0.15009639
1995,0.12152498
1996,0.12316838
1997,0.1726377
1998,0.14680186
1999,0.068905145
2000,0.20189776
2001,0.12766589
2002,0.13093479
2003,0.111104965
2004,0.0724855
2005,0.18984598
2006,0.045468334
2007,0.1433844
2008,0.1918424
2009,0.13388425
2010,0.06864712
2011,0.45263553
2012,0.4158423
2013,0.16362198
2014,0.10703233
2015,0.19581825
2016,0.11386768
2017,0.18597886
2018,0.055983376
2019,0.083185546
2020,0.06667825
2021,0.13846458
2022,0.2790161
2023,0.1246696
2024,0.25827512
2025,0.38865608
2026,0.035805143
2027,0.13443567
2028,0.26148593
2029,0.076931745
2030,0.14019544
2031,0.098159194
2032,0.35444915
2033,0.2974033
2034,0.07700925
2035,0.08853598
2036,0.16005245
2037,0.15467751
2038,0.35514286
2039,0.1732569
2040,0.3415979
2041,0.24525867
2042,0.20002481
2043,0.18126495
2044,0.5103636
2045,0.07180729
2046,0.10561348
2047,0.11290767
2048,0.19842207
2049,0.13195443
2050,0.02724102
2051,0.047284864
2052,0.027604653
2053,0.53899825
2054,0.22975634
2055,0.14239413
2056,0.57698435
2057,0.09320984
2058,0.23027004
2059,0.07212969
2060,0.18328096
2061,0.18913516
2062,0.19469222
2063,0.11613192
2064,0.033568338
2065,0.13725184
2066,0.22562079
2067,0.18589601
2068,0.3940243
2069,0.17148635
2070,0.19079666
2071,0.39193967
2072,0.04359397
2073,0.04289633
2074,0.11960087
2075,0.12516057
2076,0.08873589
2077,0.17469326
2078,0.030995939
2079,0.09576365
2080,0.06164404
2081,0.47323805
2082,0.1037041
2083,0.1148888
2084,0.07204831
2085,0.1574795
2086,0.13988242
2087,0.104423374
2088,0.05786637
2089,0.1200109
2090,0.15303375
2091,0.036404263
2092,0.14368924
2093,0.12283502
2094,0.12623927
2095,0.045624565
2096,0.41080642
2097,0.07774518
2098,0.09443832
2099,0.020696599
2100,0.085863076
2101,0.034338936
2102,0.07746034
2103,0.3688931
2104,0.14063571
2105,0.15438266
2106,0.078334175
2107,0.14482948
2108,0.3421124
2109,0.17778493
2110,0.16201714
2111,0.28794652
2112,0.29696354
2113,0.0839627
2114,0.23314336
2115,0.05599385
2116,0.07211246
2117,0.07885178
2118,0.122964345
2119,0.15515792
2120,0.111609936
2121,0.047287967
2122,0.07214632
2123,0.14121221
2124,0.22768499
2125,0.31826875
2126,0.15440363
2127,0.095107175
2128,0.3442035
2129,0.044208027
2130,0.021688962
2131,0.31550574
2132,0.12546346
2133,0.026803851
2134,0.12117041
2135,0.09847195
2136,0.054216675
2137,0.14931242
2138,0.08401428
2139,0.2827442
2140,0.15742506
2141,0.6334541
2142,0.07150338
2143,0.064503685
2144,0.122112826
2145,0.040873848
2146,0.45513773
2147,0.042968366
2148,0.12226669
2149,0.1958037
2150,0.26536015
2151,0.41475692
2152,0.4218549
2153,0.041762497
2154,0.057526138
2155,0.48203763
2156,0.12064507
2157,0.5251363
2158,0.40204084
2159,0.26406598
2160,0.09032597
2161,0.10029377
2162,0.040853918
2163,0.17781486
2164,0.11419593
2165,0.095351376
2166,0.35957462
2167,0.059792485
2168,0.4157518
2169,0.097925134
2170,0.18330015
2171,0.0995593
2172,0.2004557
2173,0.21442255
2174,0.2536603
2175,0.14666998
2176,0.04554621
2177,0.09557158
2178,0.47225255
2179,0.1308236
2180,0.21106012
2181,0.4734001
2182,0.72451794
2183,0.06503308
2184,0.064806186
2185,0.17663375
2186,0.06193435
2187,0.044874135
2188,0.1451639
2189,0.12628697
2190,0.27643633
2191,0.4011237
2192,0.32771125
2193,0.09141998
2194,0.2507601
2195,0.12607227
2196,0.3695607
2197,0.17122446
2198,0.10453978
2199,0.20031872
2200,0.32277122
2201,0.15933192
2202,0.14012095
2203,0.040824544
2204,0.06155671
2205,0.13049714
2206,0.4448099
2207,0.20493992
2208,0.08029758
2209,0.23525046
2210,0.35608593
2211,0.16687137
2212,0.05049038
2213,0.13705468
2214,0.09483204
2215,0.36490148
2216,0.275457
2217,0.044812873
2218,0.14779845
2219,0.08444595
2220,0.114042215
2221,0.039973356
2222,0.0508381
2223,0.24922238
2224,0.14694564
2225,0.15731645
2226,0.19474716
2227,0.047510065
2228,0.18305178
2229,0.09223878
2230,0.10531985
2231,0.25177455
2232,0.19948597
2233,0.07963217
2234,0.17950746
2235,0.20552906
2236,0.14303246
2237,0.035429798
2238,0.21199122
2239,0.16583034
2240,0.52985764
2241,0.121414505
2242,0.051792283
2243,0.0974897
2244,0.12693857
2245,0.06600208
2246,0.05775935
2247,0.06705284
2248,0.14490382
2249,0.10014418
2250,0.31164002
2251,0.13293414
2252,0.20340584
2253,0.082621306
2254,0.10442507
2255,0.17213754
2256,0.060113195
2257,0.19838724
2258,0.42475116
2259,0.17807189
2260,0.08117699
2261,0.24324301
2262,0.5948257
2263,0.021411942
2264,0.1298723
2265,0.19327903
2266,0.07122358
2267,0.17233108
2268,0.094993904
2269,0.10677638
2270,0.050194345
2271,0.11781157
2272,0.13846537
2273,0.07350127
2274,0.19774571
2275,0.108576
2276,0.12825316
2277,0.13527903
2278,0.099069305
2279,0.2092609
2280,0.19393775
2281,0.20651114
2282,0.09173477
2283,0.20926006
2284,0.16964038
2285,0.2765924
2286,0.07796734
2287,0.053473774
2288,0.101896964
2289,0.24349356
2290,0.060636096
2291,0.09367047
2292,0.17217763
2293,0.045114204
2294,0.30559865
2295,0.13102473
2296,0.11992901
2297,0.09366329
2298,0.29991224
2299,0.19439644
2300,0.33111668
2301,0.16575463
2302,0.25433514
2303,0.12544566
2304,0.5883276
2305,0.06493039
2306,0.07258626
2307,0.12876827
2308,0.0655575
2309,0.36636192
2310,0.2346421
2311,0.17075425
2312,0.05401806
2313,0.07386234
2314,0.17334174
2315,0.2278824
2316,0.08873394
2317,0.13593486
2318,0.054065067
2319,0.104408145
2320,0.13430896
2321,0.34730634
2322,0.091718934
2323,0.2643925
2324,0.09151015
2325,0.4929657
2326,0.10341054
2327,0.13477086
2328,0.063602716
2329,0.22839205
2330,0.2321858
2331,0.108570024
2332,0.080312096
2333,0.07821308
2334,0.31110433
2335,0.10187848
2336,0.36725816
2337,0.051785715
2338,0.3131654
2339,0.16753344
2340,0.09158857
2341,0.5449604
2342,0.15803641
2343,0.12993264
2344,0.18825
2345,0.11229256
2346,0.2620648
2347,0.054270666
2348,0.20533693
2349,0.13962936
2350,0.06945094
2351,0.31338614
2352,0.21670525
2353,0.2588951
2354,0.11813567
2355,0.10254632
2356,0.11304224
2357,0.07028704
2358,0.024878064
2359,0.24171096
2360,0.16412814
2361,0.15145393
2362,0.19614594
2363,0.3498633
2364,0.37158313
2365,0.28784966
2366,0.14189723
2367,0.3243836
2368,0.032448888
2369,0.09034256
2370,0.19670433
2371,0.25024948
2372,0.10424311
2373,0.2062432
2374,0.1471817
2375,0.34226388
2376,0.16079243
2377,0.43688282
2378,0.13316368
2379,0.027119273
2380,0.102352105
2381,0.068289205
2382,0.2007435
2383,0.12277677
2384,0.13377532
2385,0.16232589
2386,0.29544368
2387,0.27280992
2388,0.35583836
2389,0.25390851
2390,0.1272422
2391,0.05617808
2392,0.122720376
2393,0.09568989
2394,0.38560864
2395,0.17296061
2396,0.040587932
2397,0.030802492
2398,0.10221619
2399,0.25267583
2400,0.17151645
2401,0.07296365
2402,0.11996408
2403,0.0903211
2404,0.12506694
2405,0.089079835
2406,0.0870353
2407,0.18093021
2408,0.2061667
2409,0.33001637
2410,0.34658045
2411,0.10392601
2412,0.06610927
2413,0.1924147
2414,0.13662976
2415,0.46234265
2416,0.21634112
2417,0.18538424
2418,0.07822714
2419,0.08983763
2420,0.109700836
2421,0.09494346
2422,0.15212592
2423,0.070806354
2424,0.13097678
2425,0.12481467
2426,0.08724915
2427,0.14218004
2428,0.33162054
2429,0.12675929
2430,0.04735844
2431,0.11612999
2432,0.26603705
2433,0.13482764
2434,0.24306774
2435,0.091415524
2436,0.30417496
2437,0.05487329
2438,0.038020525
2439,0.4816432
2440,0.03410873
2441,0.13060133
2442,0.088450894
2443,0.3329814
2444,0.11234031
2445,0.09976365
2446,0.06445429
2447,0.04438743
2448,0.16500895
2449,0.123130284
2450,0.32239908
2451,0.1056994
2452,0.48536387
2453,0.14725696
2454,0.07289297
2455,0.06628455
2456,0.11638169
2457,0.1738724
2458,0.39543548
2459,0.07557416
2460,0.09870291
2461,0.15189432
2462,0.06611024
2463,0.5437214
2464,0.061285943
2465,0.071380615
2466,0.31482843
2467,0.20163423
2468,0.27827388
2469,0.3767166
2470,0.06300186
2471,0.044843983
2472,0.2441495
2473,0.19778758
2474,0.09244669
2475,0.04325256
2476,0.18724248
2477,0.31534722
2478,0.1837127
2479,0.12957385
2480,0.14476773
2481,0.13782844
2482,0.15711929
2483,0.6979432
2484,0.10901288
2485,0.21639204
2486,0.10870813
2487,0.13869002
2488,0.14984764
2489,0.16623752
2490,0.074943475
2491,0.18595472
2492,0.09641862
2493,0.16016053
2494,0.07052878
2495,0.27765748
2496,0.103730574
2497,0.19959538
2498,0.18341438
2499,0.07769187
2500,0.07710177
2501,0.2984301
2502,0.23441438
2503,0.19540805
2504,0.59254885
2505,0.15215647
2506,0.12371054
2507,0.3915668
2508,0.14514482
2509,0.059825327
2510,0.31278577
2511,0.07012874
2512,0.067152545
2513,0.37674904
2514,0.16132842
2515,0.035800606
2516,0.038869705
2517,0.12484775
2518,0.13739215
2519,0.101708345
2520,0.080148876
2521,0.1069226
2522,0.15775247
2523,0.14196678
2524,0.05481692
2525,0.49777454
2526,0.08969661
2527,0.099428706
2528,0.18327092
2529,0.063171245
2530,0.07654728
2531,0.04964975
2532,0.10813143
2533,0.21628737
2534,0.16360606
2535,0.06349574
2536,0.08241454
2537,0.13621286
2538,0.10291573
2539,0.10223028
2540,0.10740083
2541,0.15981723
2542,0.06807266
2543,0.15344289
2544,0.1363159
2545,0.09268218
2546,0.13895592
2547,0.111108474
2548,0.07436562
2549,0.42817625
2550,0.1301161
2551,0.41521135
2552,0.29174432
2553,0.10690336
2554,0.47097513
2555,0.23828226
2556,0.17107308
2557,0.18435399
2558,0.0826677
2559,0.08347827
2560,0.05670845
2561,0.08644251
2562,0.32451406
2563,0.10236184
2564,0.14793094
2565,0.08788368
2566,0.08454974
2567,0.22286125
2568,0.4854559
2569,0.1524693
2570,0.0983144
2571,0.11756306
2572,0.17809641
2573,0.026814662
2574,0.29026535
2575,0.20130616
2576,0.15695508
2577,0.72360206
2578,0.1408491
2579,0.104251236
2580,0.14455654
2581,0.058911465
2582,0.13698281
2583,0.0744098
2584,0.27523807
2585,0.17461117
2586,0.14168993
2587,0.46193278
2588,0.09164639
2589,0.08500782
2590,0.045203272
2591,0.5259627
2592,0.11277899
2593,0.24981834
2594,0.06710268
2595,0.081365615
2596,0.18536338
2597,0.27094674
2598,0.14616442
2599,0.09078369
2600,0.16259715
2601,0.15876925
2602,0.1488496
2603,0.1830019
2604,0.14371139
2605,0.12324267
2606,0.4238669
2607,0.061284732
2608,0.1840261
2609,0.08457508
2610,0.41541278
2611,0.07424346
2612,0.094535254
2613,0.12831847
2614,0.08757439
2615,0.28437895
2616,0.07475195
2617,0.4173234
2618,0.23198508
2619,0.3141306
2620,0.2043228
2621,0.20400195
2622,0.08888434
2623,0.17486835
2624,0.07034653
2625,0.53558123
2626,0.104019135
2627,0.10682166
2628,0.13219301
2629,0.12788507
2630,0.0680135
2631,0.14822225
2632,0.28975287
2633,0.085855246
2634,0.1288555
2635,0.12186682
2636,0.15482584
2637,0.12150455
2638,0.098272726
2639,0.12919544
2640,0.19442578
2641,0.07709438
2642,0.10635414
2643,0.055741478
2644,0.16488029
2645,0.10385068
2646,0.5177999
2647,0.33340105
2648,0.10400456
2649,0.312642
2650,0.055272818
2651,0.15439335
2652,0.2986459
2653,0.19485876
2654,0.06562628
2655,0.07412802
2656,0.14831519
2657,0.30952093
2658,0.68420935
2659,0.6487484
2660,0.09764943
2661,0.086883456
2662,0.12124377
2663,0.14117837
2664,0.47728825
2665,0.12113301
2666,0.2150245
2667,0.13130175
2668,0.10521815
2669,0.14571725
2670,0.09001254
2671,0.16979268
2672,0.19899504
2673,0.24587074
2674,0.23176295
2675,0.030582413
2676,0.123061985
2677,0.55808705
2678,0.2113497
2679,0.14823835
2680,0.084516786
2681,0.091723025
2682,0.09577706
2683,0.18069497
2684,0.2769842
2685,0.69172883
2686,0.4121514
2687,0.10073637
2688,0.16086598
2689,0.11443983
2690,0.11714145
2691,0.20799056
2692,0.16113746
2693,0.10267638
2694,0.057334486
2695,0.31943887
2696,0.11261392
2697,0.07744598
2698,0.043064266
2699,0.044423357
2700,0.20001371
2701,0.16708204
2702,0.06951916
2703,0.6049032
2704,0.05354274
2705,0.2912806
2706,0.07172825
2707,0.09123287
2708,0.17032127
2709,0.08821508
2710,0.15799853
2711,0.14690962
2712,0.10679348
2713,0.23497885
2714,0.0987721
2715,0.24710412
2716,0.4818767
2717,0.07297875
2718,0.096644476
2719,0.11865338
2720,0.10406303
2721,0.054722104
2722,0.2887673
2723,0.102805056
2724,0.19412567
2725,0.5079552
2726,0.1532468
2727,0.13492616
2728,0.4973977
2729,0.2550414
2730,0.13552901
2731,0.18561704
2732,0.27266294
2733,0.096350856
2734,0.15045911
2735,0.08734706
2736,0.08834736
2737,0.067489594
2738,0.17163645
2739,0.059226204
2740,0.09273426
2741,0.27706483
2742,0.09124568
2743,0.05545769
2744,0.07250835
2745,0.111628875
2746,0.19597816
2747,0.10184472
2748,0.25308728
2749,0.11605341
2750,0.3155733
2751,0.15149303
2752,0.7301205
2753,0.060161356
2754,0.10220808
2755,0.060122978
2756,0.4423469
2757,0.1334593
2758,0.16162273
2759,0.056185905
2760,0.17529896
2761,0.2706971
2762,0.13789992
2763,0.17025846
2764,0.52828157
2765,0.10790089
2766,0.08799413
2767,0.05590499
2768,0.37228036
2769,0.36419624
2770,0.0855179
2771,0.11705151
2772,0.40589872
2773,0.11020369
2774,0.19480707
2775,0.07805903
2776,0.1708248
2777,0.12894513
2778,0.2633342
2779,0.4073073
2780,0.6001552
2781,0.07730447
2782,0.06989405
2783,0.2522247
2784,0.6205278
2785,0.22143276
2786,0.28805348
2787,0.20383981
2788,0.30016807
2789,0.072044164
2790,0.11848523
2791,0.37254402
2792,0.083783954
2793,0.088015124
2794,0.13427092
2795,0.5213903
2796,0.12135518
2797,0.13315506
2798,0.14043437
2799,0.21030211
2800,0.21739082
2801,0.10796634
2802,0.27711868
2803,0.27716035
2804,0.18431684
2805,0.22281884
2806,0.1601833
2807,0.08246282
2808,0.34845284
2809,0.38162816
2810,0.14811794
2811,0.124636106
2812,0.20568182
2813,0.11529427
2814,0.11377804
2815,0.103326134
2816,0.0790378
2817,0.2621651
2818,0.08697191
2819,0.22667725
2820,0.112088375
2821,0.05395283
2822,0.05637444
2823,0.27721575
2824,0.20258725
2825,0.12079361
2826,0.07259844
2827,0.1237147
2828,0.22376373
2829,0.1109668
2830,0.08992146
2831,0.15703481
2832,0.3768175
2833,0.10130872
2834,0.12236858
2835,0.5419298
2836,0.09318394
2837,0.20941864
2838,0.15703742
2839,0.34951198
2840,0.12314619
2841,0.13392043
2842,0.09374209
2843,0.076708235
2844,0.3329641
2845,0.2151144
2846,0.06573985
2847,0.29841685
2848,0.06614821
2849,0.55747646
2850,0.22791424
2851,0.18202709
2852,0.21196744
2853,0.2235143
2854,0.24976443
2855,0.5089439
2856,0.42765638
2857,0.15184364
2858,0.19347331
2859,0.11618246
2860,0.11716343
2861,0.3289417
2862,0.07722779
2863,0.123252
2864,0.13644782
2865,0.20628622
2866,0.14403825
2867,0.25397792
2868,0.20772025
2869,0.13785897
2870,0.12869735
2871,0.10928771
2872,0.2090044
2873,0.46114057
2874,0.080367066
2875,0.20765798
2876,0.15053663
2877,0.10904382
2878,0.1464093
2879,0.16817269
2880,0.38218668
2881,0.10370019
2882,0.4750572
2883,0.12698022
2884,0.13039874
2885,0.05363472
2886,0.21359721
2887,0.0678411
2888,0.1405262
2889,0.10356122
2890,0.21825838
2891,0.024871647
2892,0.061227206
2893,0.14075735
2894,0.3395099
2895,0.10441479
2896,0.1450799
2897,0.06946681
2898,0.089947924
2899,0.117129415
2900,0.33670676
2901,0.20755337
2902,0.13631116
2903,0.12550111
2904,0.09105603
2905,0.08629552
2906,0.17640926
2907,0.11360914
2908,0.1318611
2909,0.10799484
2910,0.11598997
2911,0.0647142
2912,0.07374
2913,0.13400476
2914,0.09367434
2915,0.1409231
2916,0.15970674
2917,0.356463
2918,0.21038552
2919,0.30654874
2920,0.10959111
2921,0.17019919
2922,0.22636278
2923,0.10887387
2924,0.48423263
2925,0.074087314
2926,0.20420855
2927,0.10875329
2928,0.23848853
2929,0.106872216
2930,0.27909452
2931,0.34428978
2932,0.13739517
2933,0.020561151
2934,0.11705112
2935,0.22177398
2936,0.06956157
2937,0.1428657
2938,0.21610636
2939,0.10415045
2940,0.26453137
2941,0.12716436
2942,0.13083139
2943,0.08629196
2944,0.21682538
2945,0.41000006
2946,0.09043891
2947,0.41636166
2948,0.21233878
2949,0.056852985
2950,0.09276003
2951,0.3272759
2952,0.2714117
2953,0.12849712
2954,0.13481107
2955,0.16564578
2956,0.078251466
2957,0.05345997
2958,0.14530285
2959,0.050461687
2960,0.07287496
2961,0.14878547
2962,0.044205155
2963,0.4060202
2964,0.05519532
2965,0.2922999
2966,0.12858303
2967,0.0505167
2968,0.4492494
2969,0.13645266
2970,0.19212453
2971,0.062351994
2972,0.08699957
2973,0.384465
2974,0.30684
2975,0.0704205
2976,0.23675114
2977,0.18263972
2978,0.15529871
2979,0.2413377
2980,0.08669638
2981,0.031086897
2982,0.065088116
2983,0.10010916
2984,0.098441936
2985,0.10444847
2986,0.116870105
2987,0.31782174
2988,0.18744566
2989,0.3395273
2990,0.16873269
2991,0.057877447
2992,0.09902217
2993,0.439058
2994,0.13399029
2995,0.10564388
2996,0.12345571
2997,0.1142212
2998,0.04793379
2999,0.05256584
3000,0.16492075
3001,0.45305926
3002,0.10314695
3003,0.0730258
3004,0.16951562
3005,0.11829731
3006,0.33834842
3007,0.021912757
3008,0.050748177
3009,0.20000295
3010,0.16251682
3011,0.16757292
3012,0.5031823
3013,0.13770853
3014,0.11094265
3015,0.3363499
3016,0.114434935
3017,0.047698453
3018,0.16311972
3019,0.12767214
3020,0.30958006
3021,0.07230397
3022,0.15648331
3023,0.21812896
3024,0.095074445
3025,0.21701233
3026,0.13408057
3027,0.4403085
3028,0.35482472
3029,0.15594691
3030,0.16129197
3031,0.14719857
3032,0.19044219
3033,0.058512673
3034,0.13982087
3035,0.14831693
3036,0.5696126
3037,0.047785997
3038,0.16993618
3039,0.18571138
3040,0.11373352
3041,0.1638492
3042,0.09960437
3043,0.11791724
3044,0.45356077
3045,0.07994984
3046,0.11017567
3047,0.078547366
3048,0.042626668
3049,0.053869702
3050,0.024663147
3051,0.1304489
3052,0.078686476
3053,0.43318462
3054,0.07543091
3055,0.29452208
3056,0.21227552
3057,0.07409939
3058,0.35169291
3059,0.1075767
3060,0.1843925
3061,0.10141254
3062,0.5215978
3063,0.46243674
3064,0.081537485
3065,0.25631282
3066,0.17656915
3067,0.106615044
3068,0.26382613
3069,0.09952759
3070,0.29896602
3071,0.11316072
3072,0.07451456
3073,0.14744
3074,0.40589723
3075,0.09373216
3076,0.14401712
3077,0.096932776
3078,0.23072657
3079,0.06053456
3080,0.14857237
3081,0.09073803
3082,0.27990332
3083,0.18944916
3084,0.42698404
3085,0.10216636
3086,0.24704638
3087,0.38508648
3088,0.18216425
3089,0.12977429
3090,0.61023325
3091,0.11879202
3092,0.15538651
3093,0.12149036
3094,0.03716128
3095,0.17006283
3096,0.19069153
3097,0.10862693
3098,0.3331904
3099,0.09848938
3100,0.104215756
3101,0.20566556
3102,0.09904596
3103,0.096443824
3104,0.18075213
3105,0.15500513
3106,0.30845183
3107,0.22051477
3108,0.033596322
3109,0.08119723
3110,0.76316565
3111,0.20731552
3112,0.2256326
3113,0.10663825
3114,0.08218628
3115,0.18889298
3116,0.08226829
3117,0.11601294
3118,0.40460816
3119,0.12092209
3120,0.059760083
3121,0.22612007
3122,0.10732838
3123,0.05044598
3124,0.28840935
3125,0.15166031
3126,0.054504126
3127,0.2513687
3128,0.09397292
3129,0.15809274
3130,0.095995754
3131,0.09139285
3132,0.038204644
3133,0.22860506
3134,0.04860304
3135,0.29703632
3136,0.40011534
3137,0.13454899
3138,0.12870522
3139,0.07652233
3140,0.06252028
3141,0.23258527
3142,0.34925583
3143,0.38545722
3144,0.08218098
3145,0.15207528
3146,0.07634853
3147,0.0926372
3148,0.17895682
3149,0.111196905
3150,0.19508018
3151,0.12079818
3152,0.52291566
3153,0.15450382
3154,0.059398353
3155,0.08839971
3156,0.11096169
3157,0.08540559
3158,0.5025681
3159,0.09820191
3160,0.10180813
3161,0.14021815
3162,0.08006888
3163,0.14096859
3164,0.3498064
3165,0.15763725
3166,0.10366767
3167,0.2718058
3168,0.113912605
3169,0.08019596
3170,0.15544173
3171,0.0309969
3172,0.24107318
3173,0.18105325
3174,0.27269465
3175,0.24789406
3176,0.23244657
3177,0.19823991
3178,0.14295122
3179,0.06456392
3180,0.05550935
3181,0.13797443
3182,0.12158906
3183,0.05659607
3184,0.09789885
3185,0.14825359
3186,0.12870279
3187,0.060444992
3188,0.114898086
3189,0.21128915
3190,0.22151841
3191,0.21695268
3192,0.13292947
3193,0.07093856
3194,0.24944639
3195,0.29827917
3196,0.1892367
3197,0.06582162
3198,0.23874877
3199,0.08056275
3200,0.19294904
3201,0.3533983
3202,0.15926135
3203,0.20293286
3204,0.12462325
3205,0.053130306
3206,0.08329394
3207,0.30078125
3208,0.08054065
3209,0.09172238
3210,0.36311245
3211,0.16318463
3212,0.06366725
3213,0.0642586
3214,0.06475188
3215,0.34027135
3216,0.063760296
3217,0.23775594
3218,0.08939268
3219,0.10038595
3220,0.0508338
3221,0.5038406
3222,0.22116649
3223,0.13203429
3224,0.07752146
3225,0.10411752
3226,0.11724448
3227,0.12936828
3228,0.14663482
3229,0.17087393
3230,0.13190562
3231,0.2287228
3232,0.16232964
3233,0.37670407
3234,0.27737704
3235,0.20012288
3236,0.10950211
3237,0.13778952
3238,0.05413521
3239,0.19210562
3240,0.25279787
3241,0.08464331
3242,0.43346494
3243,0.41476464
3244,0.05399778
3245,0.3103814
3246,0.052874904
3247,0.3116207
3248,0.14978524
3249,0.30670193
3250,0.046144165
3251,0.5196077
3252,0.14773342
3253,0.15139848
3254,0.1529638
3255,0.15109138
3256,0.061045684
3257,0.35315838
3258,0.12028876
3259,0.18783279
3260,0.047962274
3261,0.11847398
3262,0.10869383
3263,0.15550843
3264,0.089259334
3265,0.24764752
3266,0.12939864
3267,0.05536876
3268,0.092974074
3269,0.106498055
3270,0.15147367
3271,0.061229214
3272,0.45842555
3273,0.15860207
3274,0.13166769
3275,0.15240851
3276,0.06423905
3277,0.066658385
3278,0.070857234
3279,0.20956157
3280,0.19449234
3281,0.13884412
3282,0.18580154
3283,0.07305115
3284,0.13532905
3285,0.09410113
3286,0.5821559
3287,0.21217386
3288,0.16903749
3289,0.08757502
3290,0.097956605
3291,0.07057524
3292,0.17325082
3293,0.03859818
3294,0.07092211
3295,0.1647625
3296,0.086604886
3297,0.29886118
3298,0.1957024
3299,0.08238072
3300,0.12551667
3301,0.12656614
3302,0.21291104
3303,0.057649367
3304,0.13916416
3305,0.14640133
3306,0.47228974
3307,0.031249978
3308,0.09828612
3309,0.34626108
3310,0.1055408
3311,0.093969226
3312,0.3723657
3313,0.046380926
3314,0.300386
3315,0.07751242
3316,0.26670626
3317,0.45591432
3318,0.069475956
3319,0.0954361
3320,0.27538767
3321,0.16459428
3322,0.25464997
3323,0.11367084
3324,0.06823995
3325,0.39085457
3326,0.18820237
3327,0.5799179
3328,0.13906832
3329,0.047767363
3330,0.0867028
3331,0.10171583
3332,0.23989546
3333,0.1615496
3334,0.078790925
3335,0.055246994
3336,0.19102424
3337,0.23208892
3338,0.23284763
3339,0.09283246
3340,0.10525018
3341,0.040867943
3342,0.13341929
3343,0.17204484
3344,0.14835158
3345,0.50053716
3346,0.09673683
3347,0.22763103
3348,0.16782354
3349,0.29921114
3350,0.070592955
3351,0.19592726
3352,0.04207857
3353,0.13362049
3354,0.18661632
3355,0.24563603
3356,0.06270197
3357,0.58015335
3358,0.15529394
3359,0.4792253
3360,0.4686634
3361,0.094988674
3362,0.10016173
3363,0.42297885
3364,0.24020745
3365,0.07020616
3366,0.08505831
3367,0.23757535
3368,0.23376924
3369,0.123049684
3370,0.11819701
3371,0.1026231
3372,0.45628074
3373,0.15003595
3374,0.20241147
3375,0.16630094
3376,0.16011852
3377,0.08616929
3378,0.18732154
3379,0.06698577
3380,0.14490451
3381,0.24719034
3382,0.3490443
3383,0.15091474
3384,0.30504197
3385,0.09594714
3386,0.1348383
3387,0.13369708
3388,0.09961641
3389,0.10987471
3390,0.07530784
3391,0.2927501
3392,0.37248486
3393,0.14523546
3394,0.094985686
3395,0.30677503
3396,0.1767459
3397,0.20771445
3398,0.25639412
3399,0.12668519
3400,0.106102586
3401,0.13110115
3402,0.0881278
3403,0.21126573
3404,0.15190561
3405,0.48304385
3406,0.08283175
3407,0.0854486
3408,0.45777512
3409,0.12602445
3410,0.06390022
3411,0.5252806
3412,0.12386742
3413,0.27307594
3414,0.076038584
3415,0.16770348
3416,0.053826716
3417,0.061774403
3418,0.13096212
3419,0.095059924
3420,0.04439436
3421,0.12829652
3422,0.1447053
3423,0.28474596
3424,0.16374747
3425,0.12918095
3426,0.1396979
3427,0.11362295
3428,0.26017156
3429,0.37024245
3430,0.12819512
3431,0.19241732
3432,0.1907435
3433,0.261467
3434,0.10696242
3435,0.078609616
3436,0.16784479
3437,0.061067883
3438,0.27665246
3439,0.20446904
3440,0.07678757
3441,0.078546904
3442,0.046679072
3443,0.22640613
3444,0.107210286
3445,0.22742428
3446,0.26583925
3447,0.0632441
3448,0.103608996
3449,0.06952526
3450,0.2652116
3451,0.21676259
3452,0.11330643
3453,0.08253699
3454,0.08138515
3455,0.013613407
3456,0.16503154
3457,0.11417996
3458,0.14440534
3459,0.084736735
3460,0.112041906
3461,0.31642967
3462,0.14483021
3463,0.045495205
3464,0.16674775
3465,0.053022724
3466,0.07850177
3467,0.13791858
3468,0.1857248
3469,0.050494518
3470,0.08056085
3471,0.121820055
3472,0.03188743
3473,0.3534423
3474,0.14720778
3475,0.09652486
3476,0.16142865
3477,0.059341032
3478,0.21578039
3479,0.0698899
3480,0.099146664
3481,0.3646758
3482,0.16260919
3483,0.1475251
3484,0.1813146
3485,0.11068488
3486,0.369058
3487,0.2225419
3488,0.21086645
3489,0.061144765
3490,0.24254276
3491,0.49903342
3492,0.116190575
3493,0.044731222
3494,0.07866932
3495,0.29198512
3496,0.29802936
3497,0.106644526
3498,0.5723151
3499,0.51856375
3500,0.15404926
3501,0.21366458
3502,0.090763055
3503,0.30874816
3504,0.27216247
3505,0.16900285
3506,0.084604606
3507,0.12398171
3508,0.15931712
3509,0.3660116
3510,0.27728394
3511,0.16059835
3512,0.084584475
3513,0.04496986
3514,0.32727548
3515,0.14144367
3516,0.055023815
3517,0.14327826
3518,0.0507685
3519,0.12059935
3520,0.07595436
3521,0.4714359
3522,0.68801045
3523,0.3214189
3524,0.2025372
3525,0.13025674
3526,0.44279698
3527,0.11896953
3528,0.19361694
3529,0.046912696
3530,0.4770247
3531,0.16081867
3532,0.090944976
3533,0.08518332
3534,0.34761575
3535,0.049095724
3536,0.3232048
3537,0.03267483
3538,0.070223674
3539,0.118740596
3540,0.14814049
3541,0.053504493
3542,0.14753874
3543,0.3579314
3544,0.054923687
3545,0.20952277
3546,0.15252785
3547,0.07824881
3548,0.10353503
3549,0.52895784
3550,0.03898972
3551,0.33735672
3552,0.1419318
3553,0.098167576
3554,0.25545812
3555,0.033823345
3556,0.12187662
3557,0.13109033
3558,0.085330635
3559,0.40700677
3560,0.095107175
3561,0.05457057
3562,0.034277853
3563,0.1266517
3564,0.054501437
3565,0.096559465
3566,0.060402747
3567,0.15269987
3568,0.21556182
3569,0.35224244
3570,0.31559536
3571,0.14757057
3572,0.14123285
3573,0.28673738
3574,0.105931826
3575,0.06413839
3576,0.14996074
3577,0.09307525
3578,0.058779903
3579,0.086053
3580,0.09369264
3581,0.072805725
3582,0.37460634
3583,0.08408237
3584,0.26238576
3585,0.08943734
3586,0.107943565
3587,0.12640549
3588,0.06084609
3589,0.08399525
3590,0.20862451
3591,0.03692475
3592,0.14946392
3593,0.34428102
3594,0.1372457
3595,0.08846169
3596,0.124364585
3597,0.10666951
3598,0.3604946
3599,0.08030806
3600,0.11244346
3601,0.33881184
3602,0.114870995
3603,0.11473308
3604,0.13166535
3605,0.26781392
3606,0.1945287
3607,0.05785678
3608,0.047694705
3609,0.10972205
3610,0.16736501
3611,0.071844004
3612,0.105133735
3613,0.05919754
3614,0.03645673
3615,0.16874813
3616,0.29165733
3617,0.1920321
3618,0.12036086
3619,0.19334266
3620,0.1284747
3621,0.1156854
3622,0.13310465
3623,0.5493419
3624,0.112512365
3625,0.28290516
3626,0.74929166
3627,0.12523715
3628,0.5342179
3629,0.14130805
3630,0.12849586
3631,0.5669377
3632,0.10835112
3633,0.031230139
3634,0.066081025
3635,0.084567145
3636,0.11753078
3637,0.10186866
3638,0.05140987
3639,0.11789839
3640,0.08772373
3641,0.14368384
3642,0.32009667
3643,0.056688443
3644,0.13472527
3645,0.08480955
3646,0.092490286
3647,0.07959798
3648,0.07311712
3649,0.106407
3650,0.10556281
3651,0.0973891
3652,0.054075155
3653,0.15677662
3654,0.2878177
3655,0.14584978
3656,0.06656476
3657,0.23392238
3658,0.055835016
3659,0.07633644
3660,0.15436701
3661,0.08441412
3662,0.1887507
3663,0.042566597
3664,0.03628392
3665,0.17660332
3666,0.16027948
3667,0.21985064
3668,0.024409607
3669,0.13021757
3670,0.021947993
3671,0.23025672
3672,0.14698358
3673,0.17227307
3674,0.4115678
3675,0.46258423
3676,0.31270844
3677,0.14919522
3678,0.11270208
3679,0.29191914
3680,0.23469028
3681,0.11637898
3682,0.33144322
3683,0.21225324
3684,0.06866707
3685,0.17277798
3686,0.06160778
3687,0.13314615
3688,0.11696463
3689,0.07322641
3690,0.12945786
3691,0.16155763
3692,0.091215886
3693,0.23227434
3694,0.09010398
3695,0.2569245
3696,0.13935727
3697,0.35144946
3698,0.15159136
3699,0.09132317
3700,0.042727005
3701,0.1449726
3702,0.0666637
3703,0.08456362
3704,0.13458616
3705,0.066134
3706,0.2476705
3707,0.101156995
3708,0.10397113
3709,0.1065704
3710,0.19529498
3711,0.29221982
3712,0.30647135
3713,0.09455526
3714,0.32007957
3715,0.28304106
3716,0.21421058
3717,0.2017493
3718,0.1674858
3719,0.33414882
3720,0.32969242
3721,0.14222167
3722,0.1413292
3723,0.05267088
3724,0.05370485
3725,0.1355392
3726,0.3455165
3727,0.10032818
3728,0.14631741
3729,0.17141213
3730,0.14256921
3731,0.0745914
3732,0.12052856
3733,0.071469195
3734,0.08856521
3735,0.1122558
3736,0.17751825
3737,0.58936775
3738,0.120422594
3739,0.43744555
3740,0.30971485
3741,0.106350265
3742,0.048700944
3743,0.2511857
3744,0.23160851
3745,0.10582831
3746,0.08749934
3747,0.29665938
3748,0.27835196
3749,0.13227664
3750,0.18882601
3751,0.23536511
3752,0.15753613
3753,0.21006292
3754,0.0871459
3755,0.096030995
3756,0.15944196
3757,0.027586598
3758,0.26000047
3759,0.062443607
3760,0.47920325
3761,0.09484539
3762,0.43406904
3763,0.56417555
3764,0.10577589
3765,0.2572447
3766,0.15583268
3767,0.072839536
3768,0.15799633
3769,0.09045876
3770,0.11628932
3771,0.21254356
3772,0.37603396
3773,0.08345924
3774,0.15528095
3775,0.16147806
3776,0.100452565
3777,0.056312922
3778,0.49547115
3779,0.51214737
3780,0.052040827
3781,0.5403394
3782,0.5142003
3783,0.7003582
3784,0.18297511
3785,0.07003393
3786,0.3280541
3787,0.2249905
3788,0.14355487
3789,0.30947334
3790,0.124938786
3791,0.18460786
3792,0.11452059
3793,0.04938113
3794,0.23929717
3795,0.06225494
3796,0.17188825
3797,0.025341975
3798,0.116312794
3799,0.08180711
3800,0.32538173
3801,0.49547818
3802,0.25209326
3803,0.08426383
3804,0.16493858
3805,0.1262655
3806,0.4568275
3807,0.062640555
3808,0.74293584
3809,0.08827861
3810,0.14549702
3811,0.15602511
3812,0.16782725
3813,0.17399059
3814,0.035264045
3815,0.0564433
3816,0.69294065
3817,0.108011745
3818,0.27437368
3819,0.09708632
3820,0.17738283
3821,0.09113292
3822,0.09328757
3823,0.15483174
3824,0.45331457
3825,0.18102103
3826,0.30109802
3827,0.19634542
3828,0.42875597
3829,0.5727893
3830,0.1377183
3831,0.069876745
3832,0.031007672
3833,0.35147527
3834,0.28771037
3835,0.16014129
3836,0.04634182
3837,0.16505986
3838,0.21883465
3839,0.12017019
3840,0.1784308
3841,0.15252319
3842,0.10004078
3843,0.10863449
3844,0.060955867
3845,0.10204743
3846,0.17413855
3847,0.059270408
3848,0.10997383
3849,0.09757738
3850,0.36831132
3851,0.05774801
3852,0.1324082
3853,0.095276155
3854,0.15510663
3855,0.19205235
3856,0.14574802
3857,0.0912268
3858,0.17679621
3859,0.26804107
3860,0.15599117
3861,0.12665932
3862,0.24617416
3863,0.1287588
3864,0.2790725
3865,0.10716738
3866,0.1238145
3867,0.10484336
3868,0.07840516
3869,0.07745356
3870,0.1524572
3871,0.04236255
3872,0.06414552
3873,0.24143536
3874,0.1692846
3875,0.30995178
3876,0.087594174
3877,0.17537953
3878,0.10381254
3879,0.13873437
3880,0.06910136
3881,0.12166764
3882,0.48121053
3883,0.26382494
3884,0.12629706
3885,0.109459974
3886,0.14282018
3887,0.11010467
3888,0.2488944
3889,0.055843413
3890,0.15314294
3891,0.053527724
3892,0.093356386
3893,0.29613727
3894,0.15296592
3895,0.15383492
3896,0.11107299
3897,0.11259062
3898,0.113435306
3899,0.14099301
3900,0.2649267
3901,0.0660201
3902,0.15247925
3903,0.38887927
3904,0.08452834
3905,0.047026455
3906,0.041551862
3907,0.14775291
3908,0.09129179
3909,0.09025425
3910,0.3386046
3911,0.11301724
3912,0.06880484
3913,0.21304177
3914,0.08856867
3915,0.16886859
3916,0.23215127
3917,0.23613454
3918,0.17222518
3919,0.20278189
3920,0.06303031
3921,0.37902212
3922,0.07908693
3923,0.2702736
3924,0.10602489
3925,0.08466978
3926,0.11016751
3927,0.08800141
3928,0.19864206
3929,0.4396453
3930,0.06279086
3931,0.21681605
3932,0.17923282
3933,0.11926423
3934,0.048731275
3935,0.44585726
3936,0.1453243
3937,0.06522313
3938,0.10743885
3939,0.09954573
3940,0.042217568
3941,0.06964223
3942,0.045516215
3943,0.13733973
3944,0.10704063
3945,0.38596398
3946,0.13627365
3947,0.6071349
3948,0.11382332
3949,0.13412991
3950,0.083335385
3951,0.1595545
3952,0.09612059
3953,0.02289506
3954,0.13354635
3955,0.14524113
3956,0.14195259
3957,0.17826378
3958,0.13199592
3959,0.27237168
3960,0.10918979
3961,0.15822004
3962,0.11628856
3963,0.14806612
3964,0.42392087
3965,0.070184685
3966,0.05783869
3967,0.1805524
3968,0.22705589
3969,0.18392307
3970,0.20206401
3971,0.06253268
3972,0.09470556
3973,0.07059558
3974,0.075495034
3975,0.36731753
3976,0.062472146
3977,0.42396802
3978,0.016653595
3979,0.2523329
3980,0.15030389
3981,0.17653432
3982,0.15374777
3983,0.059761744
3984,0.05992342
3985,0.428882
3986,0.18015009
3987,0.17758152
3988,0.6009914
3989,0.35844648
3990,0.36021492
3991,0.112749316
3992,0.11791565
3993,0.07610523
3994,0.14567998
3995,0.13185935
3996,0.045702927
3997,0.21601608
3998,0.09727475
3999,0.4483951
4000,0.14707334
4001,0.14016537
4002,0.14408442
4003,0.1122395
4004,0.08481433
4005,0.056106556
4006,0.08204855
4007,0.51049984
4008,0.062182453
4009,0.43081486
4010,0.13620763
4011,0.164527
4012,0.26663014
4013,0.1515339
4014,0.21740589
4015,0.19742677
4016,0.06842881
4017,0.3461062
4018,0.088308096
4019,0.30511868
4020,0.030664759
4021,0.07721731
4022,0.11981957
4023,0.035217367
4024,0.15829779
4025,0.10617549
4026,0.04382799
4027,0.09108888
4028,0.079961576
4029,0.29922605
4030,0.028040037
4031,0.45788926
4032,0.05749758
4033,0.145829
4034,0.16321275
4035,0.34099594
4036,0.38239542
4037,0.22981586
4038,0.23696724
4039,0.116266996
4040,0.10719672
4041,0.20165007
4042,0.09695093
4043,0.17436965
4044,0.16078836
4045,0.2266168
4046,0.025045719
4047,0.07042759
4048,0.09348681
4049,0.094304495
4050,0.11669838
4051,0.31994668
4052,0.14172077
4053,0.024404295
4054,0.2888999
4055,0.113453
4056,0.079042695
4057,0.07859419
4058,0.10667392
4059,0.13536608
4060,0.20129268
4061,0.47267604
4062,0.20957662
4063,0.086468525
4064,0.052725438
4065,0.12139697
4066,0.32536227
4067,0.086482175
4068,0.12095195
4069,0.20918672
4070,0.062395614
4071,0.33379057
4072,0.1353489
4073,0.08522515
4074,0.3278635
4075,0.09125055
4076,0.05128543
4077,0.07401948
4078,0.078009255
4079,0.30997655
4080,0.09639255
4081,0.14918932
4082,0.56182104
4083,0.08789025
4084,0.0666731
4085,0.045578685
4086,0.5911723
4087,0.064606324
4088,0.1915232
4089,0.43411216
4090,0.1398551
4091,0.3232149
4092,0.10192502
4093,0.08930819
4094,0.6180459
4095,0.0955227
4096,0.036968913
4097,0.3828161
4098,0.1520798
4099,0.16629702
4100,0.09235534
4101,0.16449076
4102,0.03660454
4103,0.38275588
4104,0.051193982
4105,0.1981482
4106,0.080297
4107,0.05069451
4108,0.09213325
4109,0.1704973
4110,0.16612466
4111,0.10797222
4112,0.29540384
4113,0.04167593
4114,0.5043001
4115,0.11076391
4116,0.66217244
4117,0.18285298
4118,0.0664667
4119,0.26155674
4120,0.18302228
4121,0.08839715
4122,0.27572355
4123,0.14306565
4124,0.31215358
4125,0.08984304
4126,0.12696862
4127,0.100261055
4128,0.09585077
4129,0.12286381
4130,0.08034165
4131,0.081111856
4132,0.057103045
4133,0.11296177
4134,0.11079862
4135,0.47129276
4136,0.12482177
4137,0.063421436
4138,0.067407586
4139,0.09712083
4140,0.11012916
4141,0.20980743
4142,0.059452843
4143,0.09840278
4144,0.063776776
4145,0.20204107
4146,0.031065958
4147,0.13883516
4148,0.08401067
4149,0.2130867
4150,0.21239726
4151,0.082937516
4152,0.13533416
4153,0.32332802
4154,0.3204614
4155,0.17341211
4156,0.676511
4157,0.15545149
4158,0.18969683
4159,0.2556737
4160,0.03390743
4161,0.089859314
4162,0.11024443
4163,0.081628054
4164,0.12252008
4165,0.09662287
